name,price,shipping,free_returns,items_sold,item_status
Shop on eBay,2000,,False,,Brand New
"Garmin Instinct E-Sports Edition Smartwatch, Black Lava (010-02064-73)",13999,0,True,1015,Brand New
"Garmin Forerunner 45S, 39mm Easy-to-Use Built-In GPS Running Watch - Iris-",11110,0,True,48,New (Other)
"Garmin Venu Sq Music, Gps, Touchscreen Display Smartwatch - Black & Rose Gold",14506,0,True,0,New (Other)
Garmin Forerunner 35 Black GPS Sport Watch Wrist Based HR 010-01689-00,9999,0,True,0,Certified - Refurbished
"New ListingGarmin Fenix 6 Saphire, premium, multi sport, GPS watch.",15500,900,False,,Pre-Owned
 Garmin Venu Sq Shadow Gray with Slate Bezel Fitness Smartwatch 010-02427-00,8999,0,True,0,Certified - Refurbished
Garmin fenix 6 Pro GPS Watch Blk/Blk Band,34999,0,True,0,Brand New
"Garmin Forerunner 45S, 39mm  GPS Running Watch  , Black ",11899,0,False,63,Brand New
New ListingGarmin Instinct 2 Rugged GPS Smart Watch - Graphite (010-02064-00),9500,500,True,,Pre-Owned
Garmin Fenix 6 Pro Solar Edition 47mm Smartwatch - Black with Slate Gray Band,79999,0,False,0,Brand New
New ListingGarmin Fenix 5x sapphire,10200,1260,False,,Pre-Owned
Garmin Instinct Solar Rugged Outdoor  GPS Watch Tactical Edition  ,27900,0,False,0,Brand New
New ListingGarmin Fenix 3 HR Sapphire - With charger Factory reset ,175,540,False,,Pre-Owned
"Garmin Forerunner 45S, 39mm Heart Rate Monitoring, GPS Running Watch - Black-",10721,0,True,0,New (Other)
New ListingGarmin Instinct Rugged GPS Smart Watch - Graphite (010-02064-00),8900,1260,False,,Pre-Owned
NEW Garmin fenix 6X Pro Multi-Sport GPS Watch 51MM Black / Black,43399,0,True,11,Brand New
"Garmin Forerunner 735XT Multisport GPS Running Smartwatch, Black/Gray",14900,0,True,99,Brand New
Garmin Forerunner 45 GPS Heart Rate Monitor Running Smartwatch - Black,10999,0,True,0,Certified - Refurbished
"Garmin Forerunner 245 Music, GPS Running Smartwatch with Music, Black",20100,0,True,135,Brand New
New ListingGarmin Forerunner 245 Berry Smartwatch - (0100212001),5200,500,False,,Pre-Owned
"Garmin vivoactive 4, GPS smartwatch, Black",18980,0,False,,Brand New
New Listinggarmin instinct,5600,940,False,,Pre-Owned
Garmin Instinct Tactical Edition Outdoor Fitness Watch Coyote Tan 010-02064-71,17999,0,True,0,Certified - Refurbished
New ListingGarmin Venu 2 GPS Smart Watch - Slate / Black- (010-02430-11),12300,0,False,,Pre-Owned
Garmin Instinct Solar Rugged Outdoor Watch with GPS - Tidal Blue ,22399,0,True,,Brand New
New ListingGarmin Fenix 3 HR ,11000,900,False,,Pre-Owned
New ListingGarmin Fenix 6 Sapphire GPS Smartwatch - Gray/Black,20800,975,False,,Pre-Owned
Garmin Edge 530 Bike/Cycling Computer with GPS Capabilities 010-02060-00,16999,0,True,0,Refurbished
"Garmin VENU GPS Smart Watch Light Sand with Rose Gold Hardware, AMOLED Display",13999,0,True,43,Refurbished
Garmin Vivoactive 3 Music Multisport GPS Smartwatch Black (010-01985-01),10495,0,True,47,Refurbished
"Garmin Edge 1030 GPS Cycling Computer with 3.5"" Touchscreen 010-01758-00",24999,0,True,0,New (Other)
New ListingGarmin Venu Black/Slate Sportswatch - (010-02173-11),10999,1282,False,,Pre-Owned
New ListingGarmin Fenix 7X Sapphire Solar watch with 2 extra nylon straps - dead MINT!,41500,1900,False,,Pre-Owned
Garmin Venu GPS Running Watch - Granite Blue with Stainless Steel Bezel ISSUE,3999,0,True,,Pre-Owned
New ListingUSED Garmin Vivoactive 3 GPS Multisport Stainless Steel Smart Watch Charger ,650,540,False,,Pre-Owned
Garmin fenix 6X Pro Solar Unisex GPS Watch - Gray/Black (010-02157-20),31800,1085,False,,Pre-Owned
Garmin - fenix 6 Pro Solar GPS Smartwatch 47mm Stainless Steel 010-02410-10,31999,0,True,0,Pre-Owned
Garmin Venu Sq GPS Fitness Smartwatch -Orchid Purple ,12900,0,False,0,Brand New
New Listinggarmin forerunner 945 gps running watch,25000,600,False,,Pre-Owned
New ListingGarmin 010-02064-73 Instinct Esports Edition GPS Watch - Black,10999,0,False,,Brand New
Garmin Vivoactive 3 GPS Multisport Watch - Black,1650,1260,False,,Pre-Owned
Garmin Instinct Solar Rugged Outdoor Watch Surf Edition - Cloudbreak,22399,0,True,,Brand New
New ListingGarmin Forerunner 255 Music GPS Watch - Black with additional White Band,30000,1318,False,,Pre-Owned
Garmin fenix 6X Sapphire Carbon Gray DLC Watch with Black Band 010-02157-10,43999,0,True,0,Certified - Refurbished
Garmin Instinct Rugged GPS Smart Watch - Graphite (010-02064-00),8500,1260,False,,New (Other)
garmin fenix 5,14000,1115,False,,Pre-Owned
Garmin Forerunner 245 GPS Running Smartwatch | Slate Gray ,19999,0,False,0,Brand New
New ListingGarmin Venu Black/Slate Sportswatch - Great Condition!,8200,685,False,,Pre-Owned
"Garmin 20% Discount Code - Forerunner, Fenix, Tactix, Epix",1300,0,False,,Brand New
Garmin Vivoactive 3 Music GPS Smartwatch Black,6495,0,True,0,Pre-Owned
Garmin STRIKER Plus 4 Fishfinder with Dual Beam Transducer 010-01870-00,9999,0,True,0,New (Other)
New ListingGarmin Forerunner 945 GPS Running Watch - Black,16200,610,False,,Pre-Owned
New ListingGarmin Fenix 6X Pro Solar Titanium Multisport GPS Smartwatch - Black/Gray,37499,0,True,,Pre-Owned
"Garmin Forerunner 45S GPS Heart Rate Monitor Running Smartwatch, Black",10999,0,True,0,Certified - Refurbished
Garmin Drivesmart 65T GPS Navigator & Automotive Navigation System,12999,0,True,0,Certified - Refurbished
"New ListingGarmin Forerunner 45 GPS Running Watch - Black, Case Size 42mm",12499,0,True,,Brand New
Garmin Fenix 6X Pro Black w/Black Band,39999,0,True,0,Brand New
Garmin Forerunner 45 Black Lg,11999,0,True,0,Brand New
Garmin Forerunner 45 GPS Heart Rate Monitor Running Smartwatch (White),10999,0,True,0,Certified - Refurbished
New ListingGarmin Vivoactive 3 GPS Multisport Watch - Black,5000,400,False,,Pre-Owned
Garmin Venu Black Slate Smart Sports Watch 010-N2173-11,6000,500,False,,Pre-Owned
"Brand new Garmin Forerunner 245 Music, GPS Smartwatch- Black, Open-Box",16900,685,False,0,New (Other)
Garmin Forerunner 235 GPS Running Watch - Frost Blue | Certified Refurbished  ,15995,0,True,0,Certified - Refurbished
Garmin Venu Sq Music Fitness GPS Smartwatch - Light Sand/Rose Gold ,14900,0,False,0,Brand New
Garmin Fenix 6 Sapphire Multisport GPS Smartwatch Titanium w/ Ember Orange Band,32999,0,True,,Pre-Owned
NEW Garmin - fenix 6S Pro GPS Smartwatch 42mm Fiber-Reinforced Polymer - Black,39999,0,True,0,Brand New
Garmin Forerunner 35 GPS Running Watch & Activity Tracker - Frost Blue,9299,0,True,,Brand New
Garmin Instinct Solar Rugged Outdoor Watch with GPS - Flame Red ,21499,0,True,,Brand New
Garmin Forerunner 245 GPS Running Smartwatch w/ Slate Gray Band ISSUE,7999,0,True,,Pre-Owned
Garmin Instinct Solar Rugged GPS Smartwatch - Graphite 010-02293-10,12999,0,True,0,Pre-Owned
New ListingGarmin Forerunner 955 Premium GPS Running Smartwatch  - Black (â€Ž010-02638-10),44499,0,False,,Brand New
Garmin Forerunner 920XT GPS Running Triathlon Multisport Watch  -  W/ Charger,11500,500,False,,Pre-Owned
Garmin Edge Explore Touring Bike Computer with GPS Capabilities 010-02029-00,10799,0,True,0,New (Other)
Garmin Fenix 7X Sapphire Solar Smartwatch - Black DLC Titanium with Black Band,99999,0,True,0,Brand New
New ListingGarmin Fenix 6 Pro Solar Edition 47mm Slate Gray Case with Black Band GPS Watch,37500,0,False,,Pre-Owned
Shop on eBay,2000,,False,,Brand New
"New ListingGarmin Fenix 6X Pro Solar - Titanium Carbon Gray DLC with Black Band(New,sealed)",52000,1000,False,,Brand New
Garmin Instinct Rugged GPS Smart Watch - Graphite,10999,545,False,,New (Other)
Car Truck GPS Navigation 7 Inch Touch Screen Garmin Maps Spoken Direction NavGO,9999,0,False,,Brand New
For Garmin Fenix 5 5S 5X Plus Watch USB Charging Data Cable Cradle Charger V5T2,899,0,False,166,Brand New
Garmin Instinct Solar Rugged GPS Smartwatch - Graphite 010-02293-10,12999,0,True,0,Pre-Owned
New ListingGarmin Forerunner 955 Premium GPS Running Smartwatch  - Black (â€Ž010-02638-10),44499,0,False,,Brand New
Garmin Forerunner 920XT GPS Running Triathlon Multisport Watch  -  W/ Charger,11500,500,False,,Pre-Owned
Garmin Edge Explore Touring Bike Computer with GPS Capabilities 010-02029-00,10799,0,True,0,New (Other)
Garmin Instinct 2 Rugged GPS Smartwatch - Graphite 010-02626-10,20999,0,True,,Pre-Owned
Garmin Venu Sq Music Edition GPS 40mm Smartwatch - Black ,14900,0,False,,Brand New
Garmin Instinct Rugged Outdoor Watch With GPS - Lakeside Blue,11250,1260,False,,New (Other)
Garmin Forerunner 945,12750,1200,False,,Pre-Owned
Garmin Vivoactive 3 Smartwatch Stainless BLACK,6749,0,True,0,Pre-Owned
Garmin Fenix 6 Pro Premium Multisport GPS Watch Black 010-02158-01,29999,0,True,0,Pre-Owned
Garmin Vivoactive 4 Smartwatch 45mm Black With Slate Hardware GPS Fitness,16900,0,True,43,Pre-Owned
Garmin Vivoactive 4 Smartwatch With GPS 45mm 010-02174-11,15999,0,False,,New (Other)
New ListingGarmin Forerunner 35 Adults GPS Smartwatch - Black  Excellent condition,3000,1710,False,,Pre-Owned
Garmin Fenix 5x Slate Gray Sapphire Heart Rate Monitor Multisport GPS Watches,26495,0,True,48,Refurbished
Garmin Fenix 5 Plus Premium Multisport GPS Watch 47mmÂ ,12500,1260,False,,Pre-Owned
"Garmin Instinct 2, Rugged GPS Outdoor Watch, Multi-GNSS Support,Tracback Routing",27899,0,False,0,Brand New
New ListingGarmin VivoActive 4s 40mm Black Slate Black Band 010-02172-11 Very Good B0724,11995,0,True,,Pre-Owned
New ListingGarmin Fenix 7S Sapphire Solar 42mm Dark Bronze Titanium 010-02539-28,62999,935,True,,Pre-Owned
Garmin Forerunner 235 GPS Running Watch & Activity Tracker Black/Grey,4999,0,True,0,Pre-Owned
Garmin Forerunner 45 Watch - 42mm GPS Running Smartwatch Black ðŸššðŸ’¨,8799,0,True,0,Pre-Owned
Garmin Fenix 5S Multisport GPS Smartwatch Heart Rate Monitor,7500,1085,False,,Pre-Owned
Garmin Fenix 6x Pro Solar Smartwatch - Titanium Carbon Grey / Black ,33999,0,True,0,Pre-Owned
"Garmin Forerunner 45 GPS Running Watch - Black, Case Size 42mm ",12499,0,False,,Brand New
Garmin fenix 6S Premium Multisport GPS Watch Silver/White,24999,0,False,,Pre-Owned
Garmin Forerunner 735XT GPS Multisport Watch - Black/Grey,14500,1085,False,,Brand New
Garmin Instinct Solar Rugged GPS Smartwatch - Graphite 010-02293-10,13999,0,True,32,Pre-Owned
Garmin Instinct Tactical Edition Rugged GPS Watch Coyote Tan 010-02064-71,29999,0,True,0,Brand New
Garmin Instinct Solar Rugged Outdoor Watch Surf Edition,20000,0,False,,New (Other)
"Garmin 010-02158-10 Fenix 6 GPS Smartwatch - Gray/Black, sapphire crystal",12500,1190,False,,Pre-Owned
garmin fenix 5x sapphire,15000,1115,False,,Pre-Owned
Garmin dezl OTR500 Truck Routing GPS with 5.5 Inch Display 010-02603-00,17999,0,True,0,Certified - Refurbished
New ListingGarmin 010-02157-11 fenix 6X Sapphire Bluetooth Smartwatch - Black,21600,1085,False,,Pre-Owned
"Garmin vivoactive 4S, Smaller-Sized GPS Smartwatch, Features Music, Body Energy",18900,0,False,,Brand New
Garmin Venu Black/Slate Sportswatch - (010-N2173-11),5100,1190,False,,Pre-Owned
Garmin Venu Smartwatch 43mm Fiber-Reinforced Polymer - Rose Gold (010-02173-21),6999,0,False,,Pre-Owned
"Garmin Drive 52LM 5 Inch Auto GPS Lifetime Maps of US & Canada, 010-02036-06",7999,0,True,68,Refurbished
New ListingGarmin Instinct 2 Solar Tactical Edition 45mm Polymer Case with Silicone Strap -,29000,1085,False,,Brand New
"Garmin Instinct 2 Solar Smartwatch, Graphite NEW IN BOX",28500,1713,False,,Brand New
Garmin 100371754 Forerunner 235 Watch - Black,5600,610,False,,Pre-Owned
USED Garmin Vivoactive 3 HR GPS Multisport Stainless Steel Smart Watch FACE ONLY,5399,0,False,0,Pre-Owned
New ListingGarmin fenix 5S Sapphire,22500,1190,False,,Pre-Owned
"Garmin vÃ­voactive 3 Watch GPS Smartwatch /Music Storage, W/Spotify 010-01985-01",9495,0,True,296,Pre-Owned
New ListingGarmin Fenix 7X Sapphire Solar Smartwatch - Black - Touchscreen practically new,75000,1260,False,,Pre-Owned
Garmin fenix 6X Sapphire Bluetooth Smartwatch - Black - TONS of EXTRAS!,22000,1710,False,,Pre-Owned
Garmin Forerunner 245 Music GPS Running Watch - Black,17500,590,False,,Brand New
Garmin Forerunner 935 GPS watch,16900,0,False,,Pre-Owned
Garmin Forerunner 55 Wrist Based GPS Smartwatch Black New,15800,1260,False,,New (Other)
"Garmin Fenix 5s Plus Multisport GPS Watch, One Size with Band - Black",20000,0,False,,New (Other)
Garmin Fenix 6 Pro,18650,0,False,,Pre-Owned
"Garmin Vivoactive 3 GPS Multisport Watch - Black. Good Condition, w/ charger",2999,1125,False,,Pre-Owned
Garmin Forerunner 55 GPS Watch - White,11500,600,False,,Pre-Owned
Garmin Fenix 6 Pro Premium Multisport GPS Watch Black 010-02158-01 ISSUE,24999,0,True,,Pre-Owned
Garmin Vivoactive 3 GPS Watch - works great but has small lcd spot damage,2000,590,False,,Pre-Owned
Garmin Forerunner 245 Music GPS Smart Watch - Black - (0100212030),18500,1190,False,,Pre-Owned
Garmin Instinct Solar GPS Watch (Used/Graphite) w/Original Box,10200,1115,False,,Pre-Owned
Garmin Epix Gen 2 - Sapphire Black Titanium (010-02582-10) w/ additional bands,69500,1100,False,,Pre-Owned
Garmin Vivoactive 3 Music Multisport GPS Bluetooth Smartwatch-Great Condition,9900,1260,False,,Pre-Owned
Garmin Forerunner 45 GPS Running Watch (42mm)(Lava Red) RL,5949,1999,False,,New (Other)
Garmin Tactix Charlie Sapphire Edition,17000,1000,False,,Pre-Owned
Garmin Venu Black/Slate Sportswatch,9800,1260,False,,Pre-Owned
Garmin Fenix 6 Sapphire GPS Smartwatch - Gray/Black,34900,0,False,,Pre-Owned
New ListingGarmin Descent Mk2i Watch Dive Computer Titanium  Black + Decent TI Bundle,92000,0,False,,Brand New
Garmin Instinct Solar 45mm Black plus 4 bands used ,15500,1085,False,,Pre-Owned
New ListingGarmin Fenix 7X Sapphire Solar,97500,900,False,,Brand New
"Garmin Forerunner 945 LTE, Black, Used, Excellent Condition",17700,1085,False,,Pre-Owned
Garmin Fenix 5 Plus Sapphire Titanium Spark Orange Multisport GPS Watch,26000,1260,False,,Pre-Owned
Garmin Forerunner 945 GPS Running Watch,30000,610,False,,Pre-Owned
GARMIN FENIX 3 HR SAPPHIRE EDITION SMART WATCH GPS MULTISPORT WRIST WATCH,8499,0,True,0,Pre-Owned
Garmin Instinct Rugged GPS Smart Watch - Graphite w/ Black Band (010-02064-00),8999,0,True,,Pre-Owned
Garmin Instinct 2 Surf Edition GPS Rugged Smartwatch Maveric ,26999,0,False,,New (Other)
Garmin Instinct Rugged GPS Smart Watch - Graphite (010-02064-00),10999,0,False,,Pre-Owned
Shop on eBay,2000,,False,,Brand New
"Garmin Vivoactive 3 Music Multisport GPS Bluetooth Smartwatch Black,010-01985-01",10495,0,False,0,Refurbished
Garmin fenix 3 HR Black Titanium Band | AUTHORIZED GARMIN DEALER!,7999,0,True,0,Brand New
*NEW* Garmin Instinct Esports Edition GPS Watch - Black Lava - Never Opened -,11599,999,False,0,Brand New
Garmin eTrex 10 2.2 inch Handheld GPS Receiver,10500,1318,False,37,Brand New
Garmin 010-02158-01 fenix 6 Pro Multisport Smartwatch with GPS - Black,18900,900,False,,Pre-Owned
Garmin Venu Sq smartwatch .,5000,1241,False,,Pre-Owned
Garmin Forerunner 101 Wrist GPS Location Distance Time ,2800,0,False,,Pre-Owned
New ListingGarmin Venu AMOLED GPS Smartwatch with Bright Touchscreen Rose Gold 010-02173-21,19799,0,False,,Brand New
Garmin Forerunner 2555S GPS Running Smartwatch Black 010-02641-22,2400,900,False,,Brand New
Garmin Forerunner 245 Music GPS Bluetooth Wi-Fi Smart Watch - Black,14999,1610,False,,New (Other)
New ListingGarmin Venu 2S Light Gold Bezel with Light Sand Case - (010-02429-01) Never used,17900,1190,False,,Brand New
garmin forerunner 745 watch (white),22500,0,False,,New (Other)
Garmin Forerunner 745 GPS Running Smartwatch - L@@K!,5600,897,False,,Pre-Owned
Garmin Legacy Saga Series Darth Vader 010-02174-51 GPS Smartwatch Works,16499,0,True,0,Pre-Owned
Garmin Venu Sq 2/Venu Sq 2 Music Fitness GPS Smartwatch | Fitness & Health Watch,24999,0,True,,Brand New
Garmin Venu Sq GPS Watch - Shadow Gray/Slate 010-02427-00,7499,0,True,0,Pre-Owned
Garmin Forerunner 945 GPS Running Watch - Black - Good/Fair Condition,16200,550,False,,Pre-Owned
Garmin Instinct Solar Graphite 45Mm Open Box ,22000,0,True,0,New (Other)
GarminÂ fenix 7S Sapphire Solar - Carbon Gray DLC Titanium with Black Band,26000,999,False,,Pre-Owned
New ListingGarmin Forerunner 35 White GPS Sport Watch Wrist Based Watch Only 010-01689-03,4250,460,True,,Pre-Owned
Garmin Venu 2S 40mm Stainless Steel Graphite Case and Silicone Band - Very good,16500,1260,False,,Pre-Owned
Garmin Venu Sq Shadow Gray with Slate Bezel Fitness Smartwatch ,12899,0,False,,Brand New
Garmin 100371754 Forerunner 235 Watch - Black,8000,610,False,,Pre-Owned
"Garmin Venu 2S GPS Smartwatch, 40 mm, Fiber-Reinforced Polymer - Rose Gold Bezel",21000,1085,False,,Pre-Owned
New ListingNEW Garmin GPSMAP 60CSx Handheld GPS,100,1295,False,,Brand New
Garmin 010-02174-11 Vivoactive 4 Black With Slate Hardware GPS Fitness Watch,20900,0,False,,Brand New
Garmin Forerunner 245 Music GPS Running Watch - Black,17500,590,False,,Brand New
Garmin Instinct Solar Smartwatch 010-02293-10 BROKEN ,7000,0,True,0,Parts Only
Garmin Forerunner 955/ 955 Solar Premium Running & Triathlon GPS Watch,49999,0,True,0,Brand New
Garmin Vivoactive 4 GPS Watch Silver w/ Shadow Grey Band 010-02174-01,9999,0,True,,Pre-Owned
Garmin Approach R10 Golf Launch Monitor Simulator IN STOCK READY TO SHIP,49899,0,True,0,Pre-Owned
Garmin Drive 52 GPS With US and Canada Map Updates and Traffic 010-02036-07,9499,0,True,0,Certified - Refurbished
New ListingGarmin Montana 610t Camo Handheld GPS - 0100153401,7500,2500,False,,Pre-Owned
Garmin Forerunner 235 GPS Watch & Activity Tracker With Charger ,3995,610,False,,Pre-Owned
Garmin Watch Converter/Adapter Fenix 5/6 Garmin Fenix 5x Vivoactive 3 Vivosport,395,0,False,,Brand New
Garmin Forerunner 245 GPS Running Watch BROKEN,7000,0,True,,Parts Only
New ListingGarmin Fenix 6 Multisport GPS Smartwatch Sapphire Carbon Gray with Black Band,51595,0,True,,Brand New
Garmin Forerunner 45S 39mm GPS Running Watch with Coach Free Training Plan âœ…âœ…âœ…âœ…âœ…,12998,0,True,51,Brand New
"Garmin Instinct E-Sports Edition Smartwatch, Black Lava + 2 YR Extended Warranty",14999,0,True,,Brand New
Garmin eTrex Yellow Handheld 12 Channel Personal GPS Navigation System - Tested,3999,599,True,,Pre-Owned
"New ListingGarmin Zumo XT 5.5"" All-Terrain Motorcycle GPS Navigation Device 010-02296-00",40800,0,False,0,Brand New
Garmin Vivoactive 3 Music Multisport GPS Bluetooth Smartwatch Black ( No Box),5000,610,False,,Pre-Owned
New ListingGarmin Unisex Adults Instinct 2S Gray Camo Fitness Rugged GPS Wrist Smartwatch,19099,0,True,,Pre-Owned
Garmin Instinct Solar Smartwatch - Graphite (010-02293-10),9900,1115,False,,Pre-Owned
Garmin vÃ­voactive 3 Music GPS Watch - Black. Used good condition,3100,1190,False,,Pre-Owned
"Garmin GPSMAP 64sx with U.S. TOPOActive Maps, Compass and Altimeter 010-02258-10",27499,0,True,0,Brand New
Garmin Forerunner 235 Watch - Black,4600,600,False,,Pre-Owned
New ListingGarmin Instinct Rugged Outdoor Watch With GPS - Lakeside Blue,12000,850,False,,Pre-Owned
Garmin STRIKER 4 CHIRP Fishfinder with Dual Beam Transducer and GPS 010-01550-00,9499,0,True,0,New (Other)
Garmin Forerunner 55 Black GPS Fitness and Running Smartwatch,17999,0,True,,Brand New
Garmin fenix 5S Plus Sapphire Edition 42mm Rose Gold Case w/ White Band,17999,0,True,0,Pre-Owned
Garmin Fenix 7S 42mm Silver Stainless Steel Case with Graphite Silicone Band...,60000,1260,False,,New (Other)
Garmin Venu GPS Smartwatch - Rose Gold 010-02173-21,8999,0,True,0,Pre-Owned
Garmin Fenix 5 47mm Slate Gray Case with Black Band Multisport GPS Watch,12481,0,False,,Pre-Owned
New ListingGARMIN DriveAssist 50 LMT GPS With Integrated Dashcam,760,882,False,,Pre-Owned
Garmin Forerunner 45 GPS Heart Rate Monitor Smartwatch - Choose Color,10999,0,True,0,Certified - Refurbished
Garmin Fenix 5X Plus Carbon Gray Case Titanium Band,29900,1500,False,0,New (Other)
Garmin 010-02157-11 fenix 6X Sapphire Bluetooth Smartwatch - Black,30000,1115,False,,Pre-Owned
Garmin Forerunner 245 GPS Running Smartwatch w/ Slate Gray Band ,11999,0,True,,Pre-Owned
"New ListingGarmin DEZL OTR700 7"" GPS Truck Navigator - BRAND NEW",24000,1710,False,,New (Other)
Garmin Vivoactive 4 GPS Watch Silver w/ Shadow Grey Band 010-02174-01,8999,0,True,,Pre-Owned
Garmin Forerunner 245 GPS Running Watch - Slate Gray,9000,600,False,,Pre-Owned
Garmin Fenix 5X Plus 51mm Sapphire Black Case with Black Strap GPS Watch,7200,1260,False,,Pre-Owned
Garmin Fenix 5S Sapphire Edition GPS Watch 42mm  - Used with extra bands no box.,15000,1085,False,,Pre-Owned
Garmin fenix 3 HR Multisport Training GPS Watch,5300,1085,False,,Pre-Owned
Garmin Forerunner 255S Music GPS Watch - Black  NIB,31999,0,False,,Brand New
Garmin Forerunner 645 Music Black with Slate Hardware Fitness Watch -...,7900,1190,False,,Pre-Owned
Garmin D2 Mach 1 Aviator With Titanium Bracelet And Strap,65000,1100,False,,Pre-Owned
New ListingGarmin Fenix 7 Sapphire Solar #14288,67999,0,True,,Pre-Owned
Garmin Fenix 6X Sapphire Multisport GPS Smartwatch,37999,0,True,0,Pre-Owned
New ListingGarmin Enduro 2 SAPPHIRE Solar Charging Ultraperformance Watch 010-02754-00,89995,0,False,0,Brand New
GARMIN INSTINCT TACTICAL GPS WATCH U.S MILITARY ARMY STANDARD PROTECTED BLACK,16999,0,True,0,Pre-Owned
Garmin Edge Explore Touchscreen Touring Bike GPS - 010-N2029-00,16999,0,True,0,Certified - Refurbished
Garmin Forerunner 235 Running GPS Watch,7999,588,False,,Pre-Owned
Garmin Fenix 6X Pro Solar Titanium Multisport GPS Smartwatch - Black/Gray,32999,0,True,0,Pre-Owned
Shop on eBay,2000,,False,,Brand New
Garmin Fenix 6X Pro Solar Titanium Multisport GPS Smartwatch - Black/Gray,32999,0,True,0,Pre-Owned
Garmin Instinct Rugged GPS Smart Watch - Graphite (010-02064-00),10499,0,True,,Pre-Owned
Clip Charger Charging Cable for Garmin Forerunner 35/735XT /235/230/Approach S20,827,0,False,,Brand New
Garmin vivoactive 4S 40mm GPS Running Watch - Powder Gray,8999,0,True,0,Pre-Owned
"Garmin Instinct E-Sports Edition Smartwatch, Black Lava (010-02064-73)",11000,0,False,,Brand New
Garmin Vivoactive 3 Mercedes Benz Edition,12499,0,False,0,New (Other)
New ListingGarmin Forerunner 245 Music GPS Running Watch - White,32500,0,False,,Brand New
Garmin Venu Sq GPS Watch - Shadow Gray/Slate 010-02427-00,6999,0,True,,Pre-Owned
Garmin fÄ“nix 7 Sapphire Solar GPS Watch - Black,43600,2500,False,,Pre-Owned
New ListingGarmin Drivesmart 65T GPS Navigator & Automotive Navigation System,14500,0,False,,Brand New
"Garmin Forerunner 920XT Accessories - Bands, Cases, Battery & Protective Glass",5000,467,False,,Brand New
Garmin Foretrex 601 without wristband and batteries 010-01772-01,12444,0,False,,Brand New
Garmin 0100129700 Vivoactive Fitness Smartwatch - Black,2500,460,False,,Pre-Owned
For Garmin Fenix 7X/6X Pro/5X/5X Plus/3 Quick Fit Silicone Watch Band Strap 26mm,799,0,False,,Brand New
Garmin STRIKER Plus 5cv Fishfinder with GPS and GT20TM Transducer 010-01872-00,24999,0,True,0,Certified - Refurbished
New ListingGarmin Fenix 6X Pro Solar - Edition Titanium w/ Vented Titanium Bracelet,43999,0,True,,Pre-Owned
Garmin Forerunnner 735xt,8499,0,False,,Pre-Owned
Garmin venu 2s rose gold GPS music edition,20000,900,False,,New (Other)
Garmin Fenix 6 Multisport GPS Watch Silver with Black Band 47mm Used RL11,18999,1999,False,,Pre-Owned
Garmin Instinct Tactical Rugged GPS Watch Military Standard Water Resistance,16999,0,False,0,Pre-Owned
Garmin Fenix  pre-owned  with silicone Band  SEE DESCRIPTION,6500,850,False,,Pre-Owned
Garmin vÃ­voactive 4S 40mm Case with Silicone Band GPS Running Watch - Black with,10999,400,False,0,Pre-Owned
"Garmin Fenix 3 GPS Watch, One Size - Gray/Black",4100,975,False,,Pre-Owned
Garmin Dash Cam Mini 2 Compact In-Vehicle Recording Device 010-02504-00,9499,0,True,0,Certified - Refurbished
Garmin Tactix Bravo Titanium Band Blk | 010-12168-20 | AUTHORIZED GARMIN DEALER!,7999,0,True,0,Brand New
New ListingGarmin Instinct Rugged GPS Smart Watch - Graphite (010-02064-00),12000,500,False,,Pre-Owned
New ListingGarmin fÄ“nix 7 Sapphire Solar GPS Watch - Black Great Condition,64999,1190,False,,Pre-Owned
New ListingGarmin GPSMAP 64st GPS Handheld Hiking Navigator,10100,1710,False,,Pre-Owned
Garmin Fenix 7X Sapphire Solar Multisport Smartwatch Black DLC Titanium ,99999,0,True,0,Brand New
"Garmin Forerunner 45 GPS Smartwatch, 42mm, Fiber-Reinforced Polymer - Black",9999,0,False,,Pre-Owned
Garmin Fenix 6 Multisport GPS Watch Silver with Black Band ,25999,0,True,,Pre-Owned
Garmin Instinct Solar Rugged GPS Smartwatch - Graphite 010-02293-10 READ,9999,0,True,0,Pre-Owned
"Garmin Forerunner 45S, 39mm Easy-to-use GPS Running Watch White",8200,550,False,,Pre-Owned
"New Listing*NEW* Garmin DriveSmart 65 6.95"" GPS System with Real-Time Traffic 010-02038-02",15999,0,True,0,Brand New
Garmin Fenix 6S Pro Premium Black Metal Case with Black Silicone Band Multisport,19600,1115,False,,Pre-Owned
Garmin Venu Sq GPS Watch - Shadow Gray/Slate Comes With Charger.,3800,590,False,,Pre-Owned
Garmin Forerunner 245 Music GPS Smartwatch - White ,15999,0,True,,Pre-Owned
New ListingGarmin tactix 7 Pro Ballistics Edition GPS Watch - Black,130000,0,False,,Brand New
Garmin Fenix 6 Pro Premium Multisport GPS Watch Black 010-02158-01,27999,0,True,0,Pre-Owned
Garmin Instinct Charger Replacement Charging Cable Cord USB,699,0,True,,Brand New
Garmin eTrex 10 Handheld GPS Receiver Navigator,8990,0,False,0,Pre-Owned
Garmin HRM-Dual Heart Rate Monitor Fitness Strap,2990,0,False,84,Pre-Owned
Garmin Epix Gen 2 Smartwatch - Black (010-02582-10),52000,0,False,,Pre-Owned
Garmin 010-02064-70 Tactical Outdoor-Smartwatch - Black,15000,500,False,,Brand New
Garmin Tactix Charlie Multisport GPS Watch Sapphire Edition - Black,52500,1550,False,,Brand New
Garmin vivoactive HR GPS Fitness Activity Tracker Smartwatch Black,4299,0,True,,Pre-Owned
Garmin Fenix 3 GPS Watch,12000,1100,False,,Pre-Owned
Bundled: Garmin Instinct Solar with 10 extra colored watch bands,10000,955,False,,Pre-Owned
"Garmin Fenix 6X Pro Solar - Titanium Carbon Gray DLC with Black Band(New,sealed)",43000,0,False,,Brand New
Garmin Forerunner 235 Heart Rate GPS Watch - Black & Frost Blue Tested,7494,610,False,,Pre-Owned
Garmin Foretrex 401 (Needs new strap),10999,0,True,,Pre-Owned
Garmin Epix (Gen 2) Sapphire- mint,75000,0,False,,New (Other)
Garmin Forerunner 45S Running Watch - White 010-02156-00,7999,0,True,,Pre-Owned
Garmin Forerunner 245 GPS Watch - (0100212010),6824,1468,False,,Pre-Owned
Garmin Instinct Solar -Standard Edition,10600,1260,False,,Pre-Owned
Garmin fenix 6X Pro Solar Multisport GPS Smartwatch(Titanium Carbon Gray)(010-02,69999,0,True,46,Brand New
"Garmin Forerunner 45S GPS Heart Rate Monitor Running Smartwatch, Iris",10999,0,True,0,Certified - Refurbished
New ListingGarmin Vivoactive 3 Music Smartwatch with GPS - Black,5800,975,False,,Pre-Owned
Garmin fenix 6S Sapphire 42mm Multisport GPS Watch - Rose Gold with Gray Band,74999,0,False,,Brand New
Garmin Fenix 7X Sapphire Solar,70000,900,False,,Pre-Owned
Garmin Fenix 6X Sapphire Multisport GPS Smartwatch READ,26999,0,True,0,Pre-Owned
Garmin Vivoactive 4 Smartwatch Complete + Extra OEM Charger,12500,975,False,,Refurbished
Garmin Fenix 6X Pro Solar Titanium Multisport GPS Smartwatch - Black/Gray,39999,0,True,,Pre-Owned
"New ListingGarmin DEZL OTR700 7"" GPS Truck Navigator - BRAND NEW",24000,1710,False,,New (Other)
New ListingGarmin Forerunner 101 GPS Wrist Watch Waterproof Running Virtual Training,2000,550,False,,Pre-Owned
Garmin Vivosmart  3 Activity Tracker Smart Watch - Black (010-01755-13),5990,0,True,0,Brand New
Garmin eTrex 22x GPS + GLONASS Rugged Outdoor Handheld  010-02256-00,16999,0,True,0,Refurbished
garmin venu 2s smartwatch,16400,610,False,,Brand New
"Garmin Drivesmart 65T GPS Navigator + Case, Car Socket Universal Bundle",13999,0,True,0,Certified - Refurbished
Garmin Drive 6 LM Kit,499,1513,False,0,Pre-Owned
Garmin Vivoactive 3 GPS Smartwatch Black/Gunmetal 010-01769-11,13995,0,False,,Brand New
Garmin Marq Golfer,130000,1265,False,,New (Other)
Garmin Instinct Rugged GPS Smart Watch - Graphite,4696,3135,False,,Pre-Owned
Garmin Vivoactive 4 Safety and Tracking Features GPS Smartwatch - Black--,17620,0,True,25,Brand New
Garmin Instinct Rugged GPS Smart Watch - Graphite/Green (010-02064-00),10999,0,False,,Pre-Owned
